"","Name","Sex","Age","Breed","Needs","src"
"1","Jess ","Female","Adult","Domestic Shorthair",NA,"https://pet-uploads.adoptapet.com/7/2/0/472785265.jpg"
"2","Emily ","Female","Kitten","Domestic Shorthair",NA,"https://pet-uploads.adoptapet.com/1/6/5/472405953.jpg"
"3","Casey ","Female","Senior","Domestic Shorthair",NA,"https://pet-uploads.adoptapet.com/2/c/7/472405934.jpg"
"4","Ramses ","Male","Young","Domestic Shorthair",NA,"https://pet-uploads.adoptapet.com/3/2/3/472289575.jpg"
"5","Nova and Orion ","Male","Adult","Domestic Shorthair",NA,"https://pet-uploads.adoptapet.com/4/c/c/471541202.jpg"
"6","Ichabod ","Male","Kitten","Domestic Shorthair",NA,"https://pet-uploads.adoptapet.com/0/2/5/471373502.jpg"
"7","Sweet Potato ","Female","Senior","Domestic Shorthair",NA,"https://pet-uploads.adoptapet.com/2/2/c/471373495.jpg"
"8","Flint ","Male","Young","Domestic Shorthair",NA,"https://pet-uploads.adoptapet.com/a/0/7/471373511.jpg"
"9","Birdie ","Female","Adult","Poodle (Miniature)",NA,"https://pet-uploads.adoptapet.com/d/e/8/471111971.jpg"
"10","Frida Kahlo ","Female","Kitten","Domestic Shorthair",NA,"https://pet-uploads.adoptapet.com/0/6/d/470789841.jpg"
"11","Leonardo da Vinci ","Male","Senior","Domestic Shorthair",NA,"https://pet-uploads.adoptapet.com/a/2/b/470789866.jpg"
"12","Greta ","Female","Young","Domestic Mediumhair",NA,"https://pet-uploads.adoptapet.com/4/0/b/470599979.jpg"
"13","Little Bear and Blue ","Male","Adult","Siamese","Special Needs","https://pet-uploads.adoptapet.com/3/3/1/470600024.jpg"
"14","Buttons ","Female","Kitten","Domestic Mediumhair",NA,"https://pet-uploads.adoptapet.com/3/b/b/470228439.jpg"
"15","Jasper ","Male","Senior","Domestic Shorthair",NA,"https://pet-uploads.adoptapet.com/5/f/3/469502197.jpg"
"16","Julianne ","Female","Young","Domestic Shorthair",NA,"https://pet-uploads.adoptapet.com/0/b/7/469502174.jpg"
"17","Fred and George Weasley ","Male","Adult","Domestic Mediumhair",NA,"https://pet-uploads.adoptapet.com/0/f/a/469313819.jpg"
"18","Fitz and Charming ","Female","Kitten","Siamese",NA,"https://pet-uploads.adoptapet.com/0/c/0/469313842.jpg"
"19","Piper ","Female","Senior","Domestic Shorthair",NA,"https://pet-uploads.adoptapet.com/1/e/2/469147410.jpg"
"20","Quixote and Bruce Wayne ","Male","Young","Domestic Shorthair",NA,"https://pet-uploads.adoptapet.com/1/1/4/469085391.jpg"
"21","Quixote and Bruce Wayne ","Male","Adult","Domestic Shorthair",NA,"https://pet-uploads.adoptapet.com/1/1/4/469085391.jpg"
"22","Kinsley ","Female","Kitten","Domestic Longhair","Special Needs","https://pet-uploads.adoptapet.com/6/6/c/468884079.jpg"
"23","Felix and Chula ","Female","Senior","Maine Coon",NA,"https://pet-uploads.adoptapet.com/1/2/c/468655152.jpg"
"24","Cupid ","Male","Young","Domestic Shorthair",NA,"https://pet-uploads.adoptapet.com/4/8/5/468489522.jpg"
"25","Freya ","Female","Adult","Calico",NA,"https://pet-uploads.adoptapet.com/1/6/6/468489493.jpg"
"26","Cole ","Male","Kitten","Domestic Shorthair",NA,"https://pet-uploads.adoptapet.com/1/a/8/468277179.jpg"
"27","Gravy and Sprout ","Female","Senior","Domestic Shorthair",NA,"https://pet-uploads.adoptapet.com/8/c/a/467988810.jpg"
"28","Trotsky ","Male","Young","Domestic Shorthair",NA,"https://pet-uploads.adoptapet.com/4/8/d/467926457.jpg"
"29","Choco Taco and Joe-Joe ","Female","Adult","Domestic Shorthair",NA,"https://pet-uploads.adoptapet.com/1/a/3/467711273.jpg"
"30","Andre ","Male","Kitten","Domestic Shorthair",NA,"https://pet-uploads.adoptapet.com/4/e/8/467494750.jpg"
"31","Sartre ","Male","Senior","Domestic Shorthair",NA,"https://pet-uploads.adoptapet.com/2/3/7/467494636.jpg"
"32","Camus ","Male","Young","Domestic Shorthair",NA,"https://pet-uploads.adoptapet.com/b/3/5/467494673.jpg"
"33","Beauvoir ","Female","Adult","Domestic Shorthair",NA,"https://pet-uploads.adoptapet.com/2/f/4/467494698.jpg"
"34","Frankie ","Female","Kitten","Domestic Shorthair",NA,"https://pet-uploads.adoptapet.com/5/0/1/467353428.jpg"
"35","Cookie ","Female","Senior","Domestic Shorthair",NA,"https://pet-uploads.adoptapet.com/7/1/0/466954891.jpg"
"36","Hope ","Female","Young","Domestic Shorthair",NA,"https://pet-uploads.adoptapet.com/b/7/c/466806225.jpg"
"37","Blue ","Male","Adult","Tonkinese",NA,"https://pet-uploads.adoptapet.com/1/f/a/465969187.jpg"
"38","Scarola ","Female","Kitten","Domestic Shorthair",NA,"https://pet-uploads.adoptapet.com/6/0/a/465239186.jpg"
"39","Kamden ","Male","Senior","Domestic Shorthair",NA,"https://pet-uploads.adoptapet.com/1/6/9/464569817.jpg"
"40","Kaeleigh ","Female","Young","Calico",NA,"https://pet-uploads.adoptapet.com/3/5/b/464569798.jpg"
"41","Kaeleigh ","Female","Adult","Calico",NA,"https://pet-uploads.adoptapet.com/3/5/b/464569798.jpg"
"42","Lolo and Hamilton ","Male","Kitten","Domestic Mediumhair",NA,"https://pet-uploads.adoptapet.com/7/6/9/464212706.jpg"
"43","Rose and Jack ","Male","Senior","Domestic Shorthair",NA,"https://pet-uploads.adoptapet.com/7/1/2/465238987.jpg"
"44","Lucky and Clover ","Male","Young","Domestic Shorthair",NA,"https://pet-uploads.adoptapet.com/4/d/5/463227424.jpg"
"45","Tucker ","Male","Adult","Turkish Angora",NA,"https://pet-uploads.adoptapet.com/0/2/4/463167838.jpg"
"46","Astro ","Male","Kitten","Domestic Shorthair",NA,"https://pet-uploads.adoptapet.com/0/9/8/462201120.jpg"
"47","Chad ","Male","Senior","Domestic Shorthair","Special Needs","https://pet-uploads.adoptapet.com/2/2/0/461832346.jpg"
"48","Redd ","Male","Young","Maine Coon",NA,"https://pet-uploads.adoptapet.com/9/3/a/461596064.jpg"
"49","Caramel ","Male","Adult","Domestic Shorthair",NA,"https://pet-uploads.adoptapet.com/4/7/b/460475547.jpg"
"50","Portia ","Female","Kitten","Domestic Shorthair",NA,"https://pet-uploads.adoptapet.com/4/5/b/460291578.jpg"
"51","Persi ","Male","Senior","Domestic Shorthair","Special Needs","https://pet-uploads.adoptapet.com/9/d/3/460035258.jpg"
"52","Stoyana ","Female","Young","Domestic Shorthair",NA,"https://pet-uploads.adoptapet.com/1/1/1/459684941.jpg"
"53","Rose ","Female","Adult","Domestic Shorthair",NA,"https://pet-uploads.adoptapet.com/0/1/6/459684904.jpg"
"54","Catalina la O ","Female","Kitten","Domestic Shorthair",NA,"https://pet-uploads.adoptapet.com/6/7/b/458869752.jpg"
"55","Jimmy ","Male","Senior","Domestic Shorthair",NA,"https://pet-uploads.adoptapet.com/3/d/d/457164476.jpg"
"56","Millie ","Female","Young","Domestic Shorthair",NA,"https://pet-uploads.adoptapet.com/2/f/6/456962383.jpg"
"57","Siggy and Ivar ","Male","Adult","Abyssinian","Special Needs","https://pet-uploads.adoptapet.com/7/7/b/455836571.jpg"
"58","Charlie ","Male","Kitten","Domestic Shorthair","Special Needs","https://pet-uploads.adoptapet.com/5/a/e/455836542.jpg"
"59","Benny ","Male","Senior","Domestic Shorthair","Special Needs","https://pet-uploads.adoptapet.com/c/7/a/455836619.jpg"
"60","Holly ","Female","Young","Domestic Shorthair",NA,"https://pet-uploads.adoptapet.com/3/2/3/455836652.jpg"
"61","Berry ","Female","Adult","Domestic Shorthair",NA,"https://pet-uploads.adoptapet.com/5/7/3/455030655.jpg"
"62","Astro ","Male","Kitten","Domestic Shorthair",NA,"https://pet-uploads.adoptapet.com/2/4/5/455030626.jpg"
"63","Frankie and Finn ","Male","Senior","Siamese",NA,"https://pet-uploads.adoptapet.com/1/6/6/456553460.jpg"
"64","Salty Joe ","Male","Young","Domestic Shorthair",NA,"https://pet-uploads.adoptapet.com/5/8/4/454681746.jpg"
"65","Dutchess and Sylvester ","Female","Adult","Calico",NA,"https://pet-uploads.adoptapet.com/9/2/a/453705861.jpg"
"66","Esme ","Female","Kitten","Domestic Shorthair",NA,"https://pet-uploads.adoptapet.com/7/1/0/452269505.jpg"
"67","Basil ","Male","Senior","Domestic Shorthair",NA,"https://pet-uploads.adoptapet.com/3/6/a/452269490.jpg"
"68","Marguerite ","Male","Young","Domestic Shorthair",NA,"https://pet-uploads.adoptapet.com/5/e/7/452252886.jpg"
"69","Paterson ","Female","Adult","Domestic Shorthair",NA,"https://pet-uploads.adoptapet.com/b/1/f/452252946.jpg"
"70","Ethan ","Male","Kitten","Domestic Shorthair",NA,"https://pet-uploads.adoptapet.com/2/2/f/452252921.jpg"
"71","Elijah ","Male","Senior","Domestic Shorthair",NA,"https://pet-uploads.adoptapet.com/8/b/5/451358870.jpg"
"72","Latte ","Female","Young","Domestic Shorthair",NA,"https://pet-uploads.adoptapet.com/5/f/f/451158135.jpg"
"73","Phoenix ","Male","Adult","Domestic Shorthair",NA,"https://pet-uploads.adoptapet.com/2/3/c/449885944.jpg"
"74","The Professor ","Male","Kitten","Domestic Mediumhair",NA,"https://pet-uploads.adoptapet.com/b/2/0/447339454.jpg"
"75","Dale ","Female","Senior","Domestic Shorthair",NA,"https://pet-uploads.adoptapet.com/5/0/3/459102351.jpg"
"76","Bubba ","Male","Young","Domestic Shorthair",NA,"https://pet-uploads.adoptapet.com/0/4/c/471201942.jpg"
"77","Romeo ","Male","Adult","Domestic Shorthair",NA,"https://pet-uploads.adoptapet.com/d/a/5/445935462.jpg"
"78","Sen ","Female","Kitten","Domestic Shorthair",NA,"https://pet-uploads.adoptapet.com/e/b/2/445356561.jpg"
"79","Mortimer ","Male","Senior","Domestic Shorthair",NA,"https://pet-uploads.adoptapet.com/3/0/f/444224739.jpg"
"80","Harvey ","Male","Young","American Shorthair",NA,"https://pet-uploads.adoptapet.com/0/3/2/443353469.jpg"
"81","Benny ","Male","Adult","American Shorthair",NA,"https://pet-uploads.adoptapet.com/2/8/f/443353448.jpg"
"82","Raven ","Female","Kitten","Domestic Shorthair",NA,"https://pet-uploads.adoptapet.com/7/c/a/442258645.jpg"
"83","Tippy ","Female","Senior","Domestic Shorthair",NA,"https://pet-uploads.adoptapet.com/3/5/8/441224651.jpg"
"84","Earl Grey and Oolong ","Male","Young","Siamese",NA,"https://pet-uploads.adoptapet.com/9/a/5/441078419.jpg"
"85","Star ","Male","Adult","Domestic Shorthair",NA,"https://pet-uploads.adoptapet.com/4/b/4/437719791.jpg"
"86","Abram ","Male","Kitten","Domestic Shorthair",NA,"https://pet-uploads.adoptapet.com/0/6/5/433935585.jpg"
"87","Ice ","Male","Senior","Domestic Shorthair",NA,"https://pet-uploads.adoptapet.com/0/8/2/431964852.jpg"
"88","Kahn ","Male","Young","Domestic Shorthair",NA,"https://pet-uploads.adoptapet.com/7/1/d/431753057.jpg"
"89","Rufus ","Male","Adult","Domestic Shorthair","Special Needs","https://pet-uploads.adoptapet.com/3/c/8/431722240.jpg"
"90","Jack ","Male","Kitten","Domestic Shorthair",NA,"https://pet-uploads.adoptapet.com/2/a/e/431778469.jpg"
"91","Max ","Male","Senior","Domestic Shorthair",NA,"https://pet-uploads.adoptapet.com/6/1/f/431056020.jpg"
"92","TinyPanda ","Female","Young","Domestic Shorthair",NA,"https://pet-uploads.adoptapet.com/8/6/1/451199954.jpg"
"93","Ripley ","Female","Adult","Domestic Shorthair",NA,"https://pet-uploads.adoptapet.com/c/3/1/428210956.jpg"
"94","Santana ","Male","Kitten","Domestic Mediumhair",NA,"https://pet-uploads.adoptapet.com/3/8/0/427602356.jpg"
"95","Kayah ","Female","Senior","Domestic Shorthair",NA,"https://pet-uploads.adoptapet.com/4/f/b/427342479.jpg"
"96","Hubble ","Male","Young","Domestic Shorthair",NA,"https://pet-uploads.adoptapet.com/6/d/6/441012343.jpg"
"97","Dani ","Female","Adult","Calico",NA,"https://pet-uploads.adoptapet.com/3/d/a/445066914.jpg"
"98","Kirby ","Male","Kitten","Siamese",NA,"https://pet-uploads.adoptapet.com/1/3/d/426924889.jpg"
"99","Izzy ","Male","Senior","Domestic Shorthair",NA,"https://pet-uploads.adoptapet.com/1/b/3/426924904.jpg"
"100","Dakota ","Male","Young","Domestic Shorthair",NA,"https://pet-uploads.adoptapet.com/4/0/5/426924876.jpg"
"101","Ebony ","Female","Adult","Domestic Shorthair",NA,"https://pet-uploads.adoptapet.com/0/1/9/461454942.jpg"
"102","Beauty ","Female","Kitten","Domestic Shorthair",NA,"https://pet-uploads.adoptapet.com/6/0/3/461454921.jpg"
"103","50 Shades ","Male","Senior","Domestic Mediumhair",NA,"https://pet-uploads.adoptapet.com/3/c/d/469350814.jpg"
"104","Missy ","Female","Young","Domestic Shorthair",NA,"https://pet-uploads.adoptapet.com/2/d/b/421883944.jpg"
"105","Kingsley ","Male","Adult","Domestic Shorthair",NA,"https://pet-uploads.adoptapet.com/4/0/d/420925720.jpg"
"106","Valentine ","Female","Kitten","Domestic Shorthair",NA,"https://pet-uploads.adoptapet.com/0/7/b/420315401.jpg"
"107","Viviana ","Female","Senior","Domestic Shorthair",NA,"https://pet-uploads.adoptapet.com/2/2/9/438408193.jpg"
"108","Roy ","Male","Young","Domestic Shorthair",NA,"https://pet-uploads.adoptapet.com/2/9/e/439782778.jpg"
"109","Tippy Tail ","Male","Adult","Domestic Shorthair",NA,"https://pet-uploads.adoptapet.com/3/6/4/439942580.jpg"
"110","Elric ","Male","Kitten","Domestic Shorthair",NA,"https://pet-uploads.adoptapet.com/6/a/e/439782803.jpg"
"111","Charlie ","Male","Senior","Domestic Shorthair",NA,"https://pet-uploads.adoptapet.com/4/6/2/418131632.jpg"
"112","Keira ","Female","Young","Domestic Shorthair",NA,"https://pet-uploads.adoptapet.com/7/c/2/414452976.jpg"
"113","Gracie ","Female","Adult","Domestic Shorthair",NA,"https://pet-uploads.adoptapet.com/8/4/c/414406509.jpg"
"114","Jackie ","Female","Kitten","Domestic Shorthair",NA,"https://pet-uploads.adoptapet.com/c/8/d/414039215.jpg"
"115","Foxy ","Male","Senior","Chihuahua",NA,"https://pet-uploads.adoptapet.com/6/f/f/413719126.jpg"
"116","Lainie ","Female","Young","Calico",NA,"https://pet-uploads.adoptapet.com/5/b/a/411676227.jpg"
"117","Warbler ","Male","Adult","Domestic Shorthair",NA,"https://pet-uploads.adoptapet.com/d/1/5/409869343.jpg"
"118","Chiff Chaff ","Male","Kitten","Domestic Shorthair",NA,"https://pet-uploads.adoptapet.com/0/c/e/409869356.jpg"
"119","Louie ","Male","Senior","Domestic Shorthair",NA,"https://pet-uploads.adoptapet.com/5/8/b/406966674.jpg"
"120","Tipsy ","Female","Young","Domestic Mediumhair",NA,"https://pet-uploads.adoptapet.com/2/8/9/405495024.jpg"
"121","Dreamy ","Male","Adult","Domestic Shorthair",NA,"https://pet-uploads.adoptapet.com/5/6/0/401750210.jpg"
"122","Lux ","Female","Kitten","Domestic Shorthair",NA,"https://pet-uploads.adoptapet.com/d/e/9/400696029.jpg"
"123","Rio and Salem ","Female","Senior","Domestic Shorthair",NA,"https://pet-uploads.adoptapet.com/0/1/b/398698232.jpg"
"124","Cutsie ","Female","Young","Domestic Shorthair",NA,"https://pet-uploads.adoptapet.com/0/a/3/395967610.jpg"
"125","Bart ","Male","Adult","Domestic Shorthair",NA,"https://pet-uploads.adoptapet.com/d/e/7/394200320.jpg"
"126","Buster ","Male","Kitten","Siamese",NA,"https://pet-uploads.adoptapet.com/0/2/5/459102261.jpg"
"127","Sydney ","Female","Senior","Domestic Shorthair",NA,"https://pet-uploads.adoptapet.com/2/f/e/390391962.jpg"
"128","Spinelli ","Male","Young","Domestic Shorthair",NA,"https://pet-uploads.adoptapet.com/2/4/8/386413804.jpg"
"129","Dusty ","Male","Adult","Domestic Mediumhair",NA,"https://pet-uploads.adoptapet.com/1/5/f/383909601.jpg"
"130","Derpy ","Male","Kitten","Domestic Mediumhair",NA,"https://pet-uploads.adoptapet.com/9/7/0/383909630.jpg"
"131","Candy ","Female","Senior","Domestic Shorthair",NA,"https://pet-uploads.adoptapet.com/0/a/6/427602388.jpg"
"132","Quincy ","Male","Young","Domestic Shorthair",NA,"https://pet-uploads.adoptapet.com/4/d/e/382678790.jpg"
"133","Cambria ","Female","Adult","Domestic Shorthair",NA,"https://pet-uploads.adoptapet.com/9/5/f/380715645.jpg"
"134","Boots ","Female","Kitten","Domestic Shorthair",NA,"https://pet-uploads.adoptapet.com/5/b/2/380532754.jpg"
"135","Bijou ","Female","Senior","Domestic Shorthair",NA,"https://pet-uploads.adoptapet.com/c/7/4/380500296.jpg"
"136","Delphine ","Female","Young","Abyssinian",NA,"https://pet-uploads.adoptapet.com/4/4/3/366025547.jpg"
"137","Florence ","Female","Adult","Calico",NA,"https://pet-uploads.adoptapet.com/0/d/3/366025530.jpg"
"138","Venus ","Female","Kitten","Domestic Shorthair",NA,"https://pet-uploads.adoptapet.com/9/c/a/371397053.jpg"
"139","Lucy ","Female","Senior","Domestic Mediumhair",NA,"https://pet-uploads.adoptapet.com/4/a/4/350893532.jpg"
"140","Bellatrix ","Female","Young","Domestic Longhair",NA,"https://pet-uploads.adoptapet.com/2/6/6/348811820.jpg"
"141","Anita ","Female","Adult","Domestic Shorthair",NA,"https://pet-uploads.adoptapet.com/c/e/2/348580402.jpg"
"142","Bilbo ","Male","Kitten","Domestic Mediumhair",NA,"https://pet-uploads.adoptapet.com/3/a/5/348082865.jpg"
"143","Miss Marion ","Female","Senior","Domestic Longhair",NA,"https://pet-uploads.adoptapet.com/0/1/6/348082838.jpg"
"144","Lulu ","Female","Young","Domestic Shorthair",NA,"https://pet-uploads.adoptapet.com/2/2/0/353250483.jpg"
"145","Bobo ","Male","Adult","Domestic Mediumhair",NA,"https://pet-uploads.adoptapet.com/2/7/b/353250496.jpg"
"146","LJ ","Female","Kitten","Maine Coon",NA,"https://pet-uploads.adoptapet.com/1/f/7/382283376.jpg"
"147","Puff ","Male","Senior","Domestic Shorthair",NA,"https://pet-uploads.adoptapet.com/0/c/c/340884726.jpg"
"148","Nala ","Female","Young","Domestic Shorthair",NA,"https://pet-uploads.adoptapet.com/8/9/0/336246149.jpg"
"149","Coral ","Female","Adult","Domestic Shorthair",NA,"https://pet-uploads.adoptapet.com/e/4/b/336239964.jpg"
"150","Isabel ","Female","Kitten","Domestic Shorthair",NA,"https://pet-uploads.adoptapet.com/3/3/7/334735129.jpg"
"151","Hunter ","Male","Senior","Domestic Shorthair",NA,"https://pet-uploads.adoptapet.com/6/d/d/334282334.jpg"
"152","Anabel ","Female","Young","Bengal",NA,"https://pet-uploads.adoptapet.com/0/b/2/334254746.jpg"
"153","Penelope ","Female","Adult","Domestic Shorthair",NA,"https://pet-uploads.adoptapet.com/5/f/9/333703378.jpg"
"154","Rusty ","Male","Kitten","Domestic Shorthair",NA,"https://pet-uploads.adoptapet.com/4/a/7/330024375.jpg"
"155","Opie ","Male","Senior","Domestic Shorthair",NA,"https://pet-uploads.adoptapet.com/e/5/9/330012904.jpg"
"156","Quilpie ","Female","Young","Domestic Shorthair",NA,"https://pet-uploads.adoptapet.com/2/f/8/338920791.jpg"
"157","Cody ","Male","Adult","Domestic Shorthair",NA,"https://pet-uploads.adoptapet.com/6/c/4/327552858.jpg"
"158","Beatrice ","Female","Kitten","Domestic Shorthair",NA,"https://pet-uploads.adoptapet.com/0/9/b/325689391.jpg"
"159","Henri ","Male","Senior","Domestic Shorthair",NA,"https://pet-uploads.adoptapet.com/c/4/a/309330157.jpg"
"160","Waldo & Ellie ","Male","Young","","Special Needs","https://pet-uploads.adoptapet.com/1/d/b/390186845.jpg"
"161","Kendall ","Female","Adult","Domestic Shorthair",NA,"https://pet-uploads.adoptapet.com/b/0/1/297011695.jpg"
"162","Zavier ","Male","Kitten","Domestic Shorthair",NA,"https://pet-uploads.adoptapet.com/6/1/f/382671513.jpg"
"163","Zahra ","Female","Senior","Domestic Shorthair",NA,"https://pet-uploads.adoptapet.com/c/f/b/382671536.jpg"
"164","Samson ","Male","Young","Domestic Shorthair",NA,"https://pet-uploads.adoptapet.com/8/5/a/291442638.jpg"
"165","Enzo Ferrari ","Male","Adult","Domestic Shorthair","Special Needs","https://pet-uploads.adoptapet.com/a/8/a/288967629.jpg"
"166","Nikki ","Female","Kitten","Calico",NA,"https://pet-uploads.adoptapet.com/4/d/f/286869769.jpg"
"167","Nova ","Female","Senior","Domestic Shorthair","Special Needs","https://pet-uploads.adoptapet.com/3/3/f/284821759.jpg"
"168","Archie ","Male","Young","Domestic Shorthair",NA,"https://pet-uploads.adoptapet.com/a/4/0/397903916.jpg"
"169","Carrie ","Female","Adult","Domestic Shorthair",NA,"https://pet-uploads.adoptapet.com/6/c/d/269760088.jpg"
"170","Sir Winston ","Male","Kitten","Domestic Mediumhair",NA,"https://pet-uploads.adoptapet.com/1/4/8/262791180.jpg"
"171","Greta (Greta Garbo) ","Female","Senior","Domestic Shorthair",NA,"https://pet-uploads.adoptapet.com/9/d/0/260084383.jpg"
"172","Grace Kelly ","Female","Young","Domestic Shorthair",NA,"https://pet-uploads.adoptapet.com/3/7/5/260674275.jpg"
"173","Anita ","Female","Adult","Domestic Shorthair",NA,"https://pet-uploads.adoptapet.com/a/e/9/252721265.jpg"
"174","Freckles ","Female","Kitten","Calico",NA,"https://pet-uploads.adoptapet.com/2/c/5/249031142.jpg"
"175","Panda ","Male","Senior","Domestic Shorthair",NA,"https://pet-uploads.adoptapet.com/2/8/5/230745409.jpg"
"176","Miss Ellie ","Female","Young","Domestic Shorthair",NA,"https://pet-uploads.adoptapet.com/6/4/7/225887078.jpg"
"177","Beamish ","Male","Adult","Domestic Shorthair","Special Needs","https://pet-uploads.adoptapet.com/9/0/d/243087135.jpg"
"178","Bear ","Male","Kitten","Domestic Shorthair",NA,"https://pet-uploads.adoptapet.com/3/b/3/206510484.jpg"
"179","Moosh ","Male","Senior","Domestic Shorthair",NA,"https://pet-uploads.adoptapet.com/0/2/c/198098726.jpg"
"180","Pippi ","Female","Young","Domestic Shorthair",NA,NA
"181","Abba Zabba ","Male","Adult","Domestic Shorthair",NA,"https://pet-uploads.adoptapet.com/3/7/a/190116026.jpg"
"182","Too Much Sugar Ray ","Male","Kitten","Domestic Mediumhair","Special Needs","https://pet-uploads.adoptapet.com/3/0/2/187377180.jpg"
"183","Pumpkin ","Female","Senior","Chihuahua",NA,"https://pet-uploads.adoptapet.com/1/d/8/248883530.jpg"
"184","Clinton ","Male","Young","Domestic Shorthair",NA,"https://pet-uploads.adoptapet.com/1/3/1/186440304.jpg"
"185","Coop the Cat ","Male","Adult","Turkish Van",NA,"https://pet-uploads.adoptapet.com/2/4/9/186327809.jpg"
"186","Zoey ","Female","Kitten","Domestic Shorthair",NA,"https://pet-uploads.adoptapet.com/3/0/3/190957558.jpg"
"187","Queen Teuta ","Female","Senior","Calico",NA,"https://pet-uploads.adoptapet.com/6/8/a/186028849.jpg"
"188","Oliver ","Male","Young","Domestic Shorthair","Special Needs","https://pet-uploads.adoptapet.com/2/3/d/125363932.jpg"
"189","Skeeter ","Male","Adult","Domestic Shorthair",NA,"https://pet-uploads.adoptapet.com/4/9/8/185818967.jpg"
"190","Greta Garbo ","Female","Kitten","Domestic Shorthair",NA,"https://pet-uploads.adoptapet.com/4/5/3/284916349.jpg"
"191","Arwen ","Female","Senior","Domestic Shorthair",NA,"https://pet-uploads.adoptapet.com/3/c/7/284926923.jpg"
"192","Q ","Male","Young","Domestic Shorthair",NA,"https://pet-uploads.adoptapet.com/6/2/7/118263459.jpg"
"193","Hugh Hefner/Barbie Benton ","Female","Adult","Abyssinian",NA,"https://pet-uploads.adoptapet.com/7/7/f/118409713.jpg"
"194","Rochana ","Female","Kitten","Domestic Shorthair",NA,"https://pet-uploads.adoptapet.com/6/c/8/284864473.jpg"
"195","Smokey Moe ","Male","Senior","Domestic Shorthair",NA,"https://pet-uploads.adoptapet.com/2/8/f/192763822.jpg"
"196","Tyson ","Male","Young","Domestic Shorthair",NA,"https://pet-uploads.adoptapet.com/2/5/7/284916366.jpg"
"197","Cappy ","Male","Adult","Turkish Van",NA,"https://pet-uploads.adoptapet.com/7/c/0/118388268.jpg"
"198","Freddie ","Male","Kitten","Domestic Shorthair",NA,"https://pet-uploads.adoptapet.com/2/3/8/118385931.jpg"
"199","Fairfax ","Female","Senior","Domestic Longhair",NA,"https://pet-uploads.adoptapet.com/0/2/1/185862585.jpg"
"200","Roxie ","Female","Young","Domestic Shorthair",NA,"https://pet-uploads.adoptapet.com/1/d/2/185863320.jpg"
